Structure Number,M&S Plate,Voltage (kV),Summer Capacity Range (MW),x,y
TM1001,38X,208v,< 200 kVA,1002391.5601615906,187016.0499022603
TM1003,41Z,208v,< 200 kVA,1004537.6598720104,190005.28014425933
TM1005,41V,208v,< 200 kVA,999732.8600984216,189287.2799398452
TM1006,41W,208v,200 kVA to 499 kVA,1001115.6001150906,189493.91994650662
TM1007,39Y,208v,< 200 kVA,1003821.7098603398,188270.73013567924
TM1009,45U,208v,< 200 kVA,997413.4198554307,193060.3199659288
TM101,34AA,208v,< 200 kVA,1006485.7901620865,182678.44013917446
TM1010,50S,208v,< 200 kVA,993767.2699955106,198348.58990117908
TM1011,50T,208v,< 200 kVA,994906.830052346,198502.71984225512
TM1012,30I,208v,< 200 kVA,983541.4400535077,175912.7000617534
TM1013,29J,208v,200 kVA to 499 kVA,983975.5799332559,174923.18005917966
TM1014,30I,208v,200 kVA to 499 kVA,982910.9301596731,175094.51009708643
TM1016,28I,208v,< 200 kVA,982594.8700962514,173302.01007317007
TM1020,25F,208v,< 200 kVA,980098.5099315047,169918.77012050152
TM1022,25A,208v,200 kVA to 499 kVA,973258.3598979264,169114.48990492523
TM1024,43P,208v,200 kVA to 499 kVA,990004.4100671709,190199.36997917295
TM1025,39K,208v,200 kVA to 499 kVA,984780.3499772549,185162.9601045102
TM1027,43P,208v,< 200 kVA,990593.2999655008,190494.70993967354
TM1028,40R,208v,< 200 kVA,993277.7998458445,187354.00985625386
TM1029,46N,208v,200 kVA to 499 kVA,986957.8600579202,192160.7200590819
TM103,35AB,208v,< 200 kVA,1008023.6699603349,183853.34986284375
TM1033,9K,208v,200 kVA to 499 kVA,989561.8699417561,154042.44983908534
TM1034,43O,208v,200 kVA to 499 kVA,989347.6498977542,189663.81002667546
TM1036,43P,208v,200 kVA to 499 kVA,990049.1599776745,189911.63006909192
TM1037,48X,208v,200 kVA to 499 kVA,1001221.3000349253,196779.22000841796
TM104,35AB,208v,200 kVA to 499 kVA,1008759.3098932505,184198.88985417783
TM1042,46W,208v,200 kVA to 499 kVA,999990.4501344264,194801.65998716652
TM1044,49U,208v,200 kVA to 499 kVA,996393.4701236784,197524.29004058242
TM1045,44P,208v,200 kVA to 499 kVA,990210.7200220078,190670.8998759985
TM1046,32X,208v,200 kVA to 499 kVA,1002958.6400641799,180874.44998075068
TM1047,43O,208v,200 kVA to 499 kVA,989699.0701266676,190113.77992725372
TM1049,49V,208v,200 kVA to 499 kVA,997323.9899161756,197503.39014799893
TM105,40M,208v,200 kVA to 499 kVA,987472.3898687512,186198.43998892605
TM1051,3J,208v,200 kVA to 499 kVA,988311.100133583,148291.98988333344
TM1052,23AD,208v,200 kVA to 499 kVA,1013335.5901107639,172950.14004200697
TM1057,4K,208v,< 200 kVA,989447.5801440924,149080.31015709043
TM1058,4K,208v,< 200 kVA,989892.5598971695,148901.71012058854
TM106,34AD,208v,< 200 kVA,1010672.4999645054,183564.7500463426
TM1060,4K,208v,200 kVA to 499 kVA,990116.6900263429,149001.39003933966
TM1062,3L,208v,200 kVA to 499 kVA,990695.3099320978,148780.75006067753
TM1067,44M,208v,< 200 kVA,986262.0701109171,190096.50010617077
TM1069,44N,208v,200 kVA to 499 kVA,987690.7001276761,190826.10986742377
TM107,34AC,208v,< 200 kVA,1009566.3899720013,183290.0799920112
TM1070,48AA,208v,200 kVA to 499 kVA,1004361.4098964185,197038.41994933784
TM1071,44N,208v,200 kVA to 499 kVA,987441.1599443406,190346.16988241673
TM1073,9K,208v,200 kVA to 499 kVA,989455.109984681,154822.569998011
TM1074,28D,208v,< 200 kVA,976505.8599645942,172045.81015776098
TM1075,26D,208v,< 200 kVA,976089.2499054223,170300.8900911659
TM1076,27C,208v,200 kVA to 499 kVA,975240.0600027591,170588.790105924
TM1077,27C,208v,< 200 kVA,975534.2900573462,171408.81996192038
TM108,34AB,208v,< 200 kVA,1008932.4099407643,183253.1401052624
TM1080,15H,208v,200 kVA to 499 kVA,983571.0098762512,160131.27985300124
TM1081,56U,208v,< 200 kVA,995535.8999884278,204648.63996508718
TM1082,27G,208v,< 200 kVA,980311.5400172621,171680.19015409052
TM1083,26F,208v,200 kVA to 499 kVA,979795.960011676,170923.87014442682
TM1084,25F,208v,200 kVA to 499 kVA,979124.870146513,169716.4001184255
TM1085,24E,208v,< 200 kVA,978710.2499127537,168400.1599687487
TM1086,23E,208v,200 kVA to 499 kVA,978466.6401637644,167574.01004625857
TM109,33AC,208v,< 200 kVA,1010137.3999848366,182537.59986966848
TM1091,50Y,208v,200 kVA to 499 kVA,1002372.860067755,198713.14986759424
TM1093,50Y,208v,200 kVA to 499 kVA,1002409.3698372543,199191.06000100076
TM1094,47T,208v,200 kVA to 499 kVA,995159.9200973362,194533.92987959087
TM1097,46S,208v,200 kVA to 499 kVA,994685.2100887597,193560.79993608594
TM1098,24S,208v,< 200 kVA,996924.9500318468,170940.2798885107
TM1099,24T,208v,200 kVA to 499 kVA,998735.7600585073,171088.69986724854
TM11,29G,208v,< 200 kVA,979869.470035255,173542.71989358962
TM1100,23S,208v,200 kVA to 499 kVA,997862.740151003,170046.74000892043
TM1101,22T,208v,< 200 kVA,998689.8999140114,169786.5899386704
TM1102,47W,208v,200 kVA to 499 kVA,1000053.1301271766,195921.84016150236
TM1105,48O,208v,200 kVA to 499 kVA,987978.2300644219,194849.42006225884
TM1106,48O,208v,200 kVA to 499 kVA,988017.5898938477,195181.13002875447
TM1107,51U,208v,200 kVA to 499 kVA,995836.0499786735,199238.82007609308
TM1108,52T,208v,200 kVA to 499 kVA,994534.520101428,200643.66011416912
TM111,33AB,208v,< 200 kVA,1008173.5298968405,182048.30983775854
TM1110,50S,208v,200 kVA to 499 kVA,993062.8898425847,197653.6798736751
TM1113,38M,208v,< 200 kVA,986940.9401442558,184383.31008900702
TM1114,22C,208v,< 200 kVA,975534.719846502,165904.72992025316
TM1115,21B,208v,200 kVA to 499 kVA,975119.6599810869,164933.30010458827
TM1116,21C,208v,< 200 kVA,976029.6801426709,165007.31996966898
TM1117,21D,208v,200 kVA to 499 kVA,976756.9700266719,165255.87984000146
TM1118,21C,208v,200 kVA to 499 kVA,976074.7000657618,164393.4301213324
TM1119,20C,208v,< 200 kVA,975830.0099383444,163874.2799129188
TM112,33AA,208v,200 kVA to 499 kVA,1007132.3800762594,181846.70984725654
TM1121,49N,208v,< 200 kVA,986701.2998755127,195201.0699495077
TM1122,49N,208v,200 kVA to 499 kVA,986975.5499831736,195227.7998829186
TM1126,48O,208v,200 kVA to 499 kVA,988538.8001375049,195161.46996308863
TM1128,43O,208v,200 kVA to 499 kVA,989485.1899770051,190069.2600031793
TM1130,44M,208v,200 kVA to 499 kVA,986495.0099337548,190791.06991125643
TM1133,46O,208v,200 kVA to 499 kVA,988286.1300391704,193315.900163427
TM1134,43O,208v,200 kVA to 499 kVA,989460.5000657588,189868.919852674
TM1136,29I,208v,200 kVA to 499 kVA,983556.670009926,174606.76993083954
TM1137,47O,208v,200 kVA to 499 kVA,988593.0998976678,194283.24009226263
TM1138,17O,208v,< 200 kVA,993619.8398441672,163374.15985016525
TM1139,44N,208v,200 kVA to 499 kVA,987790.230112344,190447.64015191793
TM114,37Q,208v,200 kVA to 499 kVA,993326.3099194169,184562.16996750236
TM1141,53T,208v,< 200 kVA,995005.1700787544,201246.96993117034
TM1142,52V,208v,< 200 kVA,997357.5699015111,200972.87992817163
TM1143,52S,208v,200 kVA to 499 kVA,993705.98009184,200215.7098545879
TM1144,46V,208v,200 kVA to 499 kVA,998448.0998726785,194533.9899188429
TM1145,43S,208v,200 kVA to 499 kVA,994687.0699931681,190595.8199736774
TM1147,49W,208v,< 200 kVA,999463.4000074267,197501.2999290824
TM1148,49N,208v,200 kVA to 499 kVA,986879.4999784231,195284.82995258272
TM115,38R,208v,< 200 kVA,993668.9001135081,185609.09996025264
TM1150,49N,208v,200 kVA to 499 kVA,987083.5999639183,195361.5899696797
TM1152,59V,208v,< 200 kVA,996540.0200274289,208264.13010942936
TM1153,48O,208v,< 200 kVA,988520.4999772608,194833.52015967667
TM1154,45T,208v,< 200 kVA,996033.0800964236,193040.02013775706
TM1155,50W,208v,< 200 kVA,999390.6800085008,198196.6200607568
TM1156,44Q,208v,< 200 kVA,992349.7298515886,191730.27013258636
TM1157,39L,208v,200 kVA to 499 kVA,985686.9698831737,184627.51005992293
TM1159,56W,208v,200 kVA to 499 kVA,998419.3299170882,205079.97013917565
TM1161,46V,208v,200 kVA to 499 kVA,998186.5200152546,194323.57006408274
TM1164,48Z,208v,200 kVA to 499 kVA,1003937.370062083,196830.35015550256
TM1165,45R,208v,200 kVA to 499 kVA,993346.3499055952,192845.5300411731
TM1168,49M,208v,200 kVA to 499 kVA,985736.4300860912,195108.64001625776
TM1170,49N,208v,200 kVA to 499 kVA,987032.5698822588,195259.5199638456
TM1174,44N,208v,200 kVA to 499 kVA,988257.5798994303,191042.6301036775
TM1176,45O,208v,200 kVA to 499 kVA,988878.4500487596,191773.77988809347
TM1177,19Q,208v,200 kVA to 499 kVA,994946.4999205023,165373.95998442173
TM1179,42S,208v,< 200 kVA,995289.5799430013,189983.06988683343
TM118,38P,208v,200 kVA to 499 kVA,991248.839993,185195.02007976174
TM1180,44U,208v,200 kVA to 499 kVA,996716.0298460126,192160.70004600286
TM1181,60V,208v,< 200 kVA,996589.7098886669,208382.9700948447
TM1182,41AA,208v,< 200 kVA,1006085.6098600924,189985.02001416683
TM1184,40T,208v,< 200 kVA,997186.2700472623,187509.35993926227
TM119,46M,208v,200 kVA to 499 kVA,986317.5499868393,191986.41004025936
TM1194,39U,208v,< 200 kVA,998094.8801066726,187378.68008249998
TM1197,55U,208v,200 kVA to 499 kVA,995630.4299830943,203810.51992216706
TM1204,10K,208v,< 200 kVA,989415.8699056804,155061.74996583164
TM1206,46M,208v,< 200 kVA,986208.2900347561,192584.00989492238
TM1207,30Z,208v,< 200 kVA,1006151.5500169247,178832.0098399222
TM1208,39L,208v,200 kVA to 499 kVA,985416.3798731714,184801.86994741857
TM1210,29S,208v,200 kVA to 499 kVA,996478.0001383424,176363.5498818457
TM1212,13P,208v,< 200 kVA,995793.0500646681,159108.62015292048
TM1216,42S,208v,< 200 kVA,995111.4198662639,189405.8200570941
TM1217,53T,208v,200 kVA to 499 kVA,994140.8899831772,200926.67004683614
TM1218,29K,208v,< 200 kVA,985586.3700187504,174554.9399820119
TM1219,28J,208v,200 kVA to 499 kVA,985115.7498970032,174053.87011800706
TM122,39P,208v,< 200 kVA,991735.9000425041,186174.9498784244
TM1222,27K,208v,< 200 kVA,985812.0700266808,172093.4501543343
TM1223,27K,208v,< 200 kVA,986345.3901542574,173032.1300355047
TM1224,28L,208v,200 kVA to 499 kVA,987134.3800460845,173743.10007025301
TM1225,4P,208v,< 200 kVA,996666.549958095,150292.35989834368
TM1228,27L,208v,< 200 kVA,987926.3899450004,172502.24986167252
TM1229,45M,208v,200 kVA to 499 kVA,986099.3699770123,191626.45013025403
TM1231,4P,208v,< 200 kVA,996299.8000354171,149852.1301357597
TM1232,51S,208v,< 200 kVA,993966.0999784172,198644.5000705123
TM1235,19B,208v,200 kVA to 499 kVA,974558.1299361736,162129.76995050907
TM1236,19B,208v,200 kVA to 499 kVA,975237.8798890114,162958.78994600475
TM1237,19C,208v,200 kVA to 499 kVA,976025.3500988334,163295.51991559565
TM1239,4P,208v,< 200 kVA,996248.6498752534,150595.5499087572
TM1240,3P,208v,< 200 kVA,996486.340016678,149772.9101498425
TM1242,33X,208v,< 200 kVA,1002473.5101289302,181111.39012366533
TM1244,49Y,208v,200 kVA to 499 kVA,1002458.4199360013,197630.65990659595
TM1248,49R,208v,200 kVA to 499 kVA,992924.1601331681,197029.7099930048
TM1249,44N,208v,200 kVA to 499 kVA,987937.219975844,190937.06010483205
TM1250,56W,208v,200 kVA to 499 kVA,998572.2200312614,204800.70987091959
TM1252,18N,208v,< 200 kVA,992231.4000357538,163983.30003608763
TM1253,18M,208v,< 200 kVA,990787.2999055833,163520.54997733235
TM1254,17N,208v,< 200 kVA,991825.8499938399,163041.9000160098
TM1255,17M,208v,< 200 kVA,989951.0801213384,162467.22006300092
TM1256,16L,208v,< 200 kVA,989220.0199036747,161580.89014275372
TM1258,16N,208v,200 kVA to 499 kVA,991332.8099694252,161891.90986192226
TM126,37P,208v,< 200 kVA,991459.930122003,184228.0899270028
TM1261,46U,208v,200 kVA to 499 kVA,996731.1800781786,194335.4099354297
TM1265,14N,208v,< 200 kVA,991672.4999068379,160252.58997784555
TM1266,14N,208v,< 200 kVA,992711.8400197625,160310.12988901138
TM1267,10R,208v,< 200 kVA,997774.159947589,156861.9901317507
TM1272,21N,208v,< 200 kVA,991428.0801200867,167335.37010358274
TM1275,46M,208v,200 kVA to 499 kVA,986365.1601278335,192173.41983683407
TM1276,59U,208v,< 200 kVA,995784.5799372643,207499.17986766994
TM128,46O,208v,200 kVA to 499 kVA,988452.5601525009,192842.74002049863
TM1289,18P,208v,< 200 kVA,994355.6500523388,164297.99986600876
TM1293,52Y,208v,< 200 kVA,1001688.0399150848,201052.80004392564
TM1294,51Y,208v,200 kVA to 499 kVA,1001961.0600383431,200475.77003000677
TM1295,50Y,208v,200 kVA to 499 kVA,1002246.9098603427,199592.55001167953
TM1301,36W,208v,< 200 kVA,1001062.0001566708,184411.9501235932
TM1303,48AA,208v,500 kVA to 1000 kVA,1005062.0000306666,197566.89002101123
TM1305,49Y,208v,200 kVA to 499 kVA,1002153.6200206727,198219.87001425028
TM1306,49Y,208v,200 kVA to 499 kVA,1002090.8799886703,197526.299879089
TM1307,50V,208v,< 200 kVA,997664.6299829185,198847.37007158995
TM131,45O,208v,200 kVA to 499 kVA,988580.6501194239,191377.07005159557
TM1310,56W,208v,200 kVA to 499 kVA,998551.9900848418,204790.84998250008
TM1320,18D,208v,200 kVA to 499 kVA,977279.2301370054,161442.8398939222
TM1322,49O,208v,200 kVA to 499 kVA,987592.3499306738,195743.01013858616
TM1326,22D,208v,200 kVA to 499 kVA,977161.5400836766,165593.51991274953
TM1332,32T,208v,< 200 kVA,998019.9399678409,180050.3600935042
TM1333,48O,208v,< 200 kVA,989063.3000727594,195142.72984309494
TM1337,47P,208v,200 kVA to 499 kVA,989513.1400523335,194236.00002925098
TM1338,17L,208v,200 kVA to 499 kVA,989323.8100504279,162698.2501127571
TM134,44O,208v,200 kVA to 499 kVA,988952.6900577545,190640.2998715937
TM1340,41K,208v,< 200 kVA,984273.9599139243,186422.3998428434
TM1341,46Q,208v,< 200 kVA,991236.5099651664,193498.0900877565
TM1342,12M,208v,< 200 kVA,991842.8401173353,157651.960008502
TM1344,46Q,208v,< 200 kVA,991048.3000397533,193013.4401384294
TM1347,13H,208v,200 kVA to 499 kVA,983486.7000055015,157304.48990292847
TM1356,15G,208v,200 kVA to 499 kVA,982048.7999941707,159724.769839257
TM1358,47V,208v,200 kVA to 499 kVA,998680.4199460894,195663.52014008164
TM1364,45R,208v,< 200 kVA,992714.7599614263,192932.12009109557
TM1366,24Q,208v,200 kVA to 499 kVA,995266.3598450869,170662.49993225932
TM1369,19O,208v,200 kVA to 499 kVA,992817.5501101762,164960.55005009472
TM1370,45AC,208v,200 kVA to 499 kVA,1007687.4301472604,195126.7800718397
TM1373,45L,208v,200 kVA to 499 kVA,984887.1299474239,191359.6101127565
TM1375,44M,208v,< 200 kVA,985761.8998514265,190685.97989833355
TM1380,43K,208v,< 200 kVA,983974.0901068449,189337.3500496745
TM1382,28L,208v,< 200 kVA,987846.1401055008,173688.79013951123
TM140,37R,208v,< 200 kVA,994076.6801378429,184220.2900738418
TM1405,45P,208v,200 kVA to 499 kVA,989961.140140593,192028.24000908434
TM141,30S,208v,< 200 kVA,996481.3498691767,176949.98998191953
TM1413,41J,208v,< 200 kVA,982168.5999514312,186795.13006851077
TM1419,42K,208v,< 200 kVA,983144.820111841,188160.1900024265
TM142,29T,208v,< 200 kVA,998245.4300024211,177073.18002425134
TM1420,43K,208v,< 200 kVA,983058.0401016772,189264.00997325778
TM1422,43K,208v,< 200 kVA,983323.5198856741,188665.20014725626
TM1423,43K,208v,200 kVA to 499 kVA,984128.9700464308,188929.78984117508
TM1424,42K,208v,< 200 kVA,984245.1499321759,188304.3199634999
TM1426,42L,208v,< 200 kVA,984718.83008717,187587.74003183842
TM1427,43L,208v,< 200 kVA,985042.6998462528,188639.58011975884
TM143,30T,208v,< 200 kVA,997399.550132513,177560.03010042012
TM1430,32V,208v,200 kVA to 499 kVA,1000897.3899215907,179734.23999084532
TM1448,46Q,208v,< 200 kVA,991599.2398827523,192986.39983817935
TM145,35X,208v,< 200 kVA,1002690.6701276749,183041.7999767512
TM1452,14P,208v,< 200 kVA,994893.1699746698,160745.29010792077
TM1470,50V,208v,< 200 kVA,997522.3901099265,198894.76006866992
TM148,32AA,208v,< 200 kVA,1006712.3198927641,181209.23015108705
TM149,32AA,208v,< 200 kVA,1007775.8000492603,181399.21992859244
TM1490,35X,208v,< 200 kVA,1003418.1601425111,183513.00999234617
TM1492,34N,208v,200 kVA to 499 kVA,988922.8498943448,180070.5500137508
TM150,32AB,208v,< 200 kVA,1008805.6598661691,181611.68013359606
TM151,32AC,208v,< 200 kVA,1009837.9999930859,181797.51014250517
TM1522,39J,208v,200 kVA to 499 kVA,982999.420140177,184661.73997834325
TM1528,36K,208v,200 kVA to 499 kVA,985052.9301407635,181876.32986675203
TM1529,39J,208v,200 kVA to 499 kVA,983492.4700070918,184432.39004333317
TM153,34AC,208v,< 200 kVA,1010081.4899916798,183378.6198411733
TM1538,18T,208v,< 200 kVA,999424.3098625094,165023.17000359297
TM154,34AB,208v,< 200 kVA,1008527.7099627554,183102.45011791587
TM1546,40V,208v,< 200 kVA,999232.0198927522,187700.12005642056
TM1554,42J,208v,200 kVA to 499 kVA,982169.8499489278,187945.38990709186
TM156,34AA,208v,< 200 kVA,1007464.030003503,182901.33995583653
TM1562,32V,208v,< 200 kVA,1000905.590036422,180590.23991926014
TM1564,30AC,208v,< 200 kVA,1010332.3598967642,179663.72011876106
TM1571,32Y,208v,200 kVA to 499 kVA,1004103.9501095116,180226.8800816685
TM1573,9K,208v,200 kVA to 499 kVA,988714.6101533473,154698.60994409025
TM1579,19S,208v,< 200 kVA,998222.6298511773,165734.82015508413
TM1583,34X,208v,< 200 kVA,1003299.6400383413,182901.21003483236
TM159,34Z,208v,< 200 kVA,1005658.2501505017,183432.66992992163
TM1591,17T,208v,< 200 kVA,999506.290013507,164082.20010074973
TM1592,30V,208v,200 kVA to 499 kVA,1000862.8000957519,177832.81006667018
TM1594,30W,208v,200 kVA to 499 kVA,1001596.0000729263,177807.12999992073
TM1595,29U,208v,< 200 kVA,999588.8600583375,177169.73002800345
TM1596,29U,208v,< 200 kVA,1000122.2300545871,176560.4100524187
TM1598,31Y,208v,< 200 kVA,1004171.5999085903,179127.60012800992
TM160,34AA,208v,200 kVA to 499 kVA,1006890.2299700081,183333.17997142673
TM1601,29Y,208v,< 200 kVA,1004808.9201562554,178070.99003650248
TM1602,28X,208v,< 200 kVA,1003884.7500885874,176754.82009667158
TM1603,28X,208v,< 200 kVA,1004431.439940095,176110.96016392112
TM1604,29AA,208v,< 200 kVA,1007986.9699025005,178337.37992367148
TM1605,30Z,208v,< 200 kVA,1006909.7299310118,178538.10983717442
TM1607,28Z,208v,< 200 kVA,1007093.5999700874,176635.8498621732
TM1608,28AA,208v,200 kVA to 499 kVA,1007880.1298930943,177315.8301295042
TM161,34AA,208v,200 kVA to 499 kVA,1006885.8398869187,182909.44984775782
TM1611,29AC,208v,200 kVA to 499 kVA,1010006.2201290876,177895.13999450207
TM1613,30AC,208v,< 200 kVA,1009774.4801070094,178975.8999720961
TM1615,30AB,208v,< 200 kVA,1008793.2901402563,178864.80012866855
TM162,34AA,208v,200 kVA to 499 kVA,1007078.8900257498,182906.44985376298
TM1625,28P,208v,200 kVA to 499 kVA,993006.300060764,175173.92004325986
TM1626,29Q,208v,< 200 kVA,993768.0298365057,175464.1100796759
TM1627,29Q,208v,< 200 kVA,994005.3298868388,175668.31013059616
TM163,35Z,208v,< 200 kVA,1004957.6498456746,183626.95005317032
TM1630,26Q,208v,< 200 kVA,994346.8600436747,173080.5200305879
TM1631,26Q,208v,200 kVA to 499 kVA,994837.6700856686,173388.62013617158
TM1632,28U,208v,< 200 kVA,999323.5600640029,175777.0999392569
TM1633,27U,208v,200 kVA to 499 kVA,999705.9500472546,174990.3000036776
TM1634,27T,208v,< 200 kVA,999203.9999356717,174464.97001758218
TM1635,26U,208v,200 kVA to 499 kVA,999718.2800750881,173745.2201447487
TM164,34X,208v,< 200 kVA,1003288.310008511,182995.78005567193
TM1646,27B,208v,200 kVA to 499 kVA,973975.3200781792,170981.87987092137
TM1647,28C,208v,200 kVA to 499 kVA,974354.1001605093,171997.8499518335
TM165,34Z,208v,< 200 kVA,1005637.940151751,182461.64004783332
TM1651,38R,208v,< 200 kVA,994529.9800842553,185365.62013225257
TM1652,26I,208v,< 200 kVA,984177.6100410074,171440.06005692482
TM1653,38K,208v,500 kVA to 1000 kVA,983975.5300645977,183684.5900297612
TM1654,27J,208v,200 kVA to 499 kVA,984693.9098614305,172223.5099335909
TM1658,25J,208v,< 200 kVA,985396.39008376,170490.49994817376
TM1659,41AE,208v,200 kVA to 499 kVA,1011242.3000060022,191298.47014316916
TM1663,26Q,208v,200 kVA to 499 kVA,994680.5700061768,172527.210113585
TM1666,25Q,208v,200 kVA to 499 kVA,995047.7500460893,171894.25009341538
TM1667,24P,208v,< 200 kVA,993952.2400980145,170452.50002416968
TM1668,24Q,208v,< 200 kVA,994559.8799588382,170916.1798710823
TM1676,23R,208v,200 kVA to 499 kVA,995903.7299614251,169880.78988151252
TM1678,28X,208v,< 200 kVA,1003202.7199565917,176702.64008292556
TM1679,22I,208v,< 200 kVA,983702.8101375848,167085.94999875128
TM1681,24V,208v,< 200 kVA,1001580.4000385106,171390.6999194175
TM1682,23S,208v,200 kVA to 499 kVA,997362.7500092536,170042.0198740065
TM1685,32U,208v,< 200 kVA,999490.5699005872,179621.3799803406
TM1692,22T,208v,200 kVA to 499 kVA,998717.7200683355,169361.93986934423
TM1694,22Q,208v,< 200 kVA,994516.7799794227,168768.11986275017
TM1695,22Q,208v,200 kVA to 499 kVA,995501.1900840849,168975.98001134396
TM1697,21O,208v,200 kVA to 499 kVA,992422.4400080144,167544.10984358191
TM1698,21O,208v,200 kVA to 499 kVA,993017.3699205071,167721.78993442655
TM1699,21P,208v,< 200 kVA,993873.0299545974,167783.27996891737
TM170,46L,208v,< 200 kVA,985207.410146758,191904.5899939239
TM1701,21R,208v,200 kVA to 499 kVA,996144.860056594,168080.46014884114
TM1703,20O,208v,< 200 kVA,992576.9698826671,166707.7499677539
TM1705,35S,208v,200 kVA to 499 kVA,995753.6498810053,182232.21006050706
TM1706,53U,208v,200 kVA to 499 kVA,996668.5801377594,201604.2198728323
TM1708,20P,208v,< 200 kVA,993836.1599495858,166890.2899570018
TM171,46M,208v,200 kVA to 499 kVA,985854.4800468385,192692.2101378441
TM1714,56W,208v,< 200 kVA,998530.9501006752,204781.1800543368
TM1716,45P,208v,< 200 kVA,990761.4800753444,192311.68990150094
TM1717,19R,208v,< 200 kVA,996365.6499693394,166357.10992100835
TM1719,21R,208v,200 kVA to 499 kVA,997269.8699456751,168345.08002641797
TM1720,21T,208v,< 200 kVA,998778.250131011,168505.37990267575
TM1721,21T,208v,< 200 kVA,999583.8298846781,168611.50993975997
TM1723,20T,208v,< 200 kVA,998904.4201542586,167643.049934417
TM1730,22B,208v,200 kVA to 499 kVA,974593.4999441803,165722.4399304986
TM1731,21B,208v,200 kVA to 499 kVA,974230.399948597,164607.14983825386
TM1732,20D,208v,200 kVA to 499 kVA,977016.6801371723,164488.5001411736
TM1735,20A,208v,200 kVA to 499 kVA,973743.8700817525,163685.0401339233
TM1739,21J,208v,200 kVA to 499 kVA,985900.6600725949,166366.7401510924
TM1740,21J,208v,< 200 kVA,985685.8399641663,165927.3601243347
TM1742,56W,208v,200 kVA to 499 kVA,998410.9598550946,204946.34015709162
TM1743,19O,208v,200 kVA to 499 kVA,993267.2998668402,165838.7100391686
TM1744,20P,208v,200 kVA to 499 kVA,994293.6400057524,166132.34987184405
TM1746,19P,208v,< 200 kVA,994245.0000111759,165160.31014925241
TM1747,43J,208v,200 kVA to 499 kVA,982353.2199890018,188260.09006509185
TM1748,19R,208v,< 200 kVA,996515.1900245845,165499.06997042894
TM1749,10L,208v,< 200 kVA,990151.7700086683,155152.61986283958
TM175,38O,208v,< 200 kVA,990544.7400232553,184266.8099939227
TM1750,19R,208v,< 200 kVA,997125.2800117582,165652.4899391681
TM1751,18O,208v,200 kVA to 499 kVA,992959.640049085,164087.31984117627
TM1752,18P,208v,< 200 kVA,993718.620158419,164191.27009259164
TM1753,18P,208v,200 kVA to 499 kVA,994843.469942838,164568.95995400846
TM1754,38K,208v,200 kVA to 499 kVA,983968.3801445067,183664.92012159526
TM1755,18Q,208v,200 kVA to 499 kVA,995109.2600936741,164774.09012116492
TM1756,8S,208v,200 kVA to 499 kVA,1000593.6398729235,154787.69998900592
TM1757,18Q,208v,200 kVA to 499 kVA,995343.4098878354,164487.53984124959
TM1758,18Q,208v,< 200 kVA,996144.1999529302,164462.51003567874
TM1759,18R,208v,< 200 kVA,996662.6001628339,164605.97005058825
TM176,47M,208v,< 200 kVA,986169.1798767596,193308.89984934032
TM1767,18X,208v,200 kVA to 499 kVA,1004766.2899921685,165670.5200868398
TM1769,16N,208v,200 kVA to 499 kVA,992518.0999216735,162144.63015700877
TM177,46M,208v,200 kVA to 499 kVA,986371.069892928,192519.0100249201
TM1770,16O,208v,< 200 kVA,992924.890118584,162231.87014000118
TM1773,15O,208v,< 200 kVA,993803.119989425,161383.59001241624
TM1775,15P,208v,200 kVA to 499 kVA,995483.3298835903,161504.51988866925
TM1777,48Y,208v,200 kVA to 499 kVA,1002084.4000147581,197409.390007928
TM1780,14P,208v,< 200 kVA,994755.8999080062,160501.22005800903
TM1781,14P,208v,200 kVA to 499 kVA,995117.2000384182,160593.1601628363
TM1782,14P,208v,200 kVA to 499 kVA,995339.0001197606,160733.44006600976
TM1783,14P,208v,< 200 kVA,995598.459902674,160883.21010766923
TM1784,14Q,208v,200 kVA to 499 kVA,995822.259980008,160983.78995899856
TM1785,23P,208v,200 kVA to 499 kVA,993118.2499680966,169483.60005909204
TM1786,14Q,208v,200 kVA to 499 kVA,996607.6101153344,161037.53985150158
TM1787,15Q,208v,< 200 kVA,996813.4899529219,161552.3498454988
TM1788,14R,208v,< 200 kVA,997156.4200413376,161070.5000874251
TM179,44N,208v,200 kVA to 499 kVA,987116.8600680083,190886.13008858263
TM1794,24F,208v,< 200 kVA,980233.8200283349,169047.36996042728
TM1796,15L,208v,< 200 kVA,989895.2600230128,160696.9601520896
TM1797,15M,208v,< 200 kVA,990933.6001379192,160873.03985242546
TM1798,15Q,208v,200 kVA to 499 kVA,996295.3200575113,161401.98006750643
TM1799,15N,208v,< 200 kVA,992097.1900023371,161135.58000975847
TM18,27F,208v,< 200 kVA,979491.5200037509,171804.9700882584
TM1801,19I,208v,< 200 kVA,984554.5899300873,164503.67990083992
TM1802,38K,208v,500 kVA to 1000 kVA,983960.6498450041,183644.11996634305
TM1813,18Q,208v,200 kVA to 499 kVA,995144.0398797542,164461.1901564151
TM1814,4G,208v,200 kVA to 499 kVA,983521.3800542504,148252.55000159144
TM1815,4G,208v,200 kVA to 499 kVA,984796.9598521739,148013.6800725013
TM1816,3H,208v,200 kVA to 499 kVA,985987.7199378461,148113.5200959295
TM1824,3M,208v,< 200 kVA,992289.220130086,149065.15008242428
TM1826,3N,208v,200 kVA to 499 kVA,993154.809934333,149286.75003291667
TM1827,53Y,208v,< 200 kVA,1001280.25989075,202283.5400364995
TM183,52T,208v,< 200 kVA,995099.680060342,200266.8400016725
TM1830,20M,208v,< 200 kVA,990206.3499520123,166336.14014667273
TM1835,5T,208v,200 kVA to 499 kVA,1001877.1300880909,152067.41999650002
TM1836,5U,208v,200 kVA to 499 kVA,1002918.1601582617,152128.4500581771
TM1840,6Q,208v,< 200 kVA,997668.5699356794,152679.80984783173
TM1841,6R,208v,< 200 kVA,998376.9198969305,152888.48003417253
TM1842,5S,208v,200 kVA to 499 kVA,1000767.4699058384,152014.5300104171
TM1846,7O,208v,< 200 kVA,994722.3300932497,153188.46991975605
TM1848,5N,208v,200 kVA to 499 kVA,993286.0301443338,150624.64007367194
TM1849,4N,208v,200 kVA to 499 kVA,993281.0101412535,150019.57993209362
TM1850,4N,208v,< 200 kVA,993970.0599442571,150274.25002641976
TM1855,5K,208v,< 200 kVA,989291.46004951,150196.51002442837
TM186,29H,208v,200 kVA to 499 kVA,982251.440008834,174312.0700609237
TM1860,9R,208v,< 200 kVA,997882.8900450915,155993.10013724864
TM1862,8Q,208v,< 200 kVA,997541.0600200891,154382.95998483896
TM1863,8R,208v,200 kVA to 499 kVA,998106.3400575072,154466.46014592052
TM1864,7Q,208v,200 kVA to 499 kVA,997777.0900598466,153628.36011609435
TM1865,10O,208v,200 kVA to 499 kVA,994067.98002401,156347.2598620057
TM1869,10K,208v,200 kVA to 499 kVA,988410.01004076,155628.82002592087
TM1877,24L,208v,200 kVA to 499 kVA,987500.9199954271,169487.490143165
TM1878,16S,208v,< 200 kVA,999106.1700788438,163263.78014966846
TM188,28G,208v,< 200 kVA,981099.8701335043,172566.94002100825
TM1881,17F,208v,200 kVA to 499 kVA,980580.0801625848,161838.82007308304
TM1883,16S,208v,< 200 kVA,998526.8500432521,162804.84012266994
TM1885,15R,208v,< 200 kVA,997726.7699505091,161954.30015708506
TM1886,22C,208v,200 kVA to 499 kVA,976174.5299185961,165715.95995658636
TM1887,44X,208v,200 kVA to 499 kVA,1001433.9098459184,193162.78990533948
TM189,50U,208v,< 200 kVA,996907.4599093348,198509.77986750007
TM1894,56W,208v,200 kVA to 499 kVA,998478.3701533377,204886.9600265026
TM1895,13J,208v,< 200 kVA,986607.6101022512,158137.14014050364
TM1897,49Y,208v,200 kVA to 499 kVA,1002175.2498986721,198379.33983966708
TM1899,14M,208v,< 200 kVA,990615.8301041722,159520.8998401761
TM19,27E,208v,200 kVA to 499 kVA,978417.6701173335,171992.76990950108
TM190,33H,208v,200 kVA to 499 kVA,981247.6500216722,177767.55986909568
TM1900,13L,208v,< 200 kVA,990024.6298430115,159121.85995583236
TM1901,13M,208v,< 200 kVA,991501.4700651765,159397.13007459044
TM1902,13N,208v,< 200 kVA,992260.1201226711,159507.09999901056
TM1903,13N,208v,200 kVA to 499 kVA,991956.2998641729,158556.15997175872
TM1904,13M,208v,200 kVA to 499 kVA,990810.1699385941,158378.13014408946
TM1906,13Q,208v,< 200 kVA,996817.0998538435,159267.40001909435
TM1907,12Q,208v,< 200 kVA,996973.6900918335,158397.26986959577
TM1910,13O,208v,200 kVA to 499 kVA,993309.1498487592,159589.3600050956
TM1911,13O,208v,200 kVA to 499 kVA,993711.0201080143,158817.4301185012
TM1912,12P,208v,200 kVA to 499 kVA,995009.3200048357,158092.7101112604
TM1913,12O,208v,200 kVA to 499 kVA,993840.380085513,157961.94987408817
TM1914,11O,208v,200 kVA to 499 kVA,993854.3800575137,157165.02003750205
TM1916,11P,208v,< 200 kVA,995000.02999717,157051.05996358395
TM192,31H,208v,< 200 kVA,981175.0599437505,176458.7701638341
TM1920,11R,208v,< 200 kVA,997648.0499635935,157643.75989367068
TM1922,9U,208v,200 kVA to 499 kVA,1002758.1499795914,156878.57015109062
TM1926,49Y,208v,200 kVA to 499 kVA,1002705.8699004203,198172.27988633513
TM1934,20N,208v,< 200 kVA,991061.1799352616,166481.08014550805
TM1936,26B,208v,200 kVA to 499 kVA,974435.8201414198,170291.68013584614
TM1939,56W,208v,200 kVA to 499 kVA,998265.4401330054,205136.74988125265
TM194,49X,208v,< 200 kVA,1000708.0500771701,198134.27996234596
TM1940,23A,208v,200 kVA to 499 kVA,973019.0500090867,166680.29989142716
TM1941,23A,208v,200 kVA to 499 kVA,973091.6499295086,166053.55016067624
TM1943,22A,208v,200 kVA to 499 kVA,973587.9799735844,165400.03014226258
TM1944,21A,208v,200 kVA to 499 kVA,973376.8501465023,164328.6198835075
TM1959,47N,208v,200 kVA to 499 kVA,987261.0599108338,193937.9901265949
TM196,47X,208v,< 200 kVA,1000967.9501479268,196042.70999850333
TM1960,5Q,208v,< 200 kVA,997961.0299806744,151857.44994400442
TM1961,42AA,208v,< 200 kVA,1006339.8101390898,190814.68994276226
TM1963,5P,208v,< 200 kVA,996884.9501118362,151776.41007983685
TM1964,5K,208v,< 200 kVA,989830.5898767561,150328.51993100345
TM1965,30AD,208v,< 200 kVA,1011689.9798849225,179201.97990050912
TM197,47W,208v,200 kVA to 499 kVA,999136.0499403477,195818.8600525111
TM1974,53U,208v,< 200 kVA,996685.4400121719,201590.8399783373
TM198,47V,208v,200 kVA to 499 kVA,998898.4099956751,195261.1600524187
TM1987,49U,208v,200 kVA to 499 kVA,995959.4900205135,197460.00014291704
TM199,47W,208v,< 200 kVA,1000111.859996587,195431.09015876055
TM1990,45W,208v,< 200 kVA,1000508.9999503344,193774.24996849895
TM1991,4R,208v,200 kVA to 499 kVA,999364.4901002496,150657.07012692094
TM1996,40I,208v,200 kVA to 499 kVA,981595.3901398331,185310.98999217153
TM1998,40J,208v,< 200 kVA,983331.9099607617,185700.83009175956
TM1999,40J,208v,< 200 kVA,982439.5000001788,185947.70000484586
TM2,31H,208v,< 200 kVA,980870.309897095,176069.05998525023
TM20,46T,208v,< 200 kVA,995375.2999159247,194357.1999180913
TM200,47V,208v,200 kVA to 499 kVA,998036.1600797623,195333.4200785011
TM2001,31AD,208v,200 kVA to 499 kVA,1011995.2699567527,180264.8301369995
TM2006,56W,208v,200 kVA to 499 kVA,998288.5001262575,205147.9900162518
TM201,46W,208v,200 kVA to 499 kVA,999439.3200030923,194669.05985866487
TM2010,39V,208v,200 kVA to 499 kVA,999367.5501335114,187034.60006201267
TM2013,49T,208v,< 200 kVA,995495.8898978382,197442.24985033274
TM2016,39U,208v,< 200 kVA,997746.9500282556,187292.73996567726
TM2018,18G,208v,< 200 kVA,981380.8698995858,162883.3301231712
TM2019,29T,208v,< 200 kVA,998334.2398641706,176430.95000950992
TM2021,20D,208v,< 200 kVA,977307.6398570836,163506.1700848341
TM2026,45U,208v,200 kVA to 499 kVA,997060.1800763458,193210.8199930042
TM2031,51U,208v,200 kVA to 499 kVA,996779.2098377496,199020.24997517467
TM2039,46O,208v,200 kVA to 499 kVA,988261.9299563468,193298.5399619192
TM204,46X,208v,< 200 kVA,1001636.8598993421,195063.64994876087
TM2042,15E,208v,200 kVA to 499 kVA,979240.7498360127,159544.07991191745
TM2046,29E,208v,< 200 kVA,978001.5600571781,173770.35001575947
TM2050,46O,208v,200 kVA to 499 kVA,988188.5101556778,193259.75001326203
TM2053,5S,208v,< 200 kVA,999975.9399928451,151939.0600170046
TM206,47Y,208v,200 kVA to 499 kVA,1002280.8599236757,196275.47003167868
TM2062,31W,208v,200 kVA to 499 kVA,1002210.4699725956,178929.46994684637
TM2069,46S,208v,200 kVA to 499 kVA,993988.2800521702,193197.0099812597
TM207,47Z,208v,200 kVA to 499 kVA,1003254.5000367612,196396.7099466771
TM2071,4O,208v,< 200 kVA,994959.8401169181,150519.74986350536
TM2072,45P,208v,< 200 kVA,990948.3300953358,191930.0600873381
TM2075,39V,208v,200 kVA to 499 kVA,999432.4099119306,186984.44005733728
TM2077,25K,208v,< 200 kVA,986535.8100490123,170766.73988126218
TM208,47Z,208v,200 kVA to 499 kVA,1003332.2698943466,195793.84993192554
TM2098,48AA,208v,200 kVA to 499 kVA,1005277.5701375902,197535.020006001
TM21,46T,208v,< 200 kVA,996069.5698528439,194259.12990425527
TM210,46AA,208v,< 200 kVA,1004886.029910177,195275.12984076142
TM2101,49O,208v,200 kVA to 499 kVA,988074.7498845011,195947.6199655831
TM2103,37AD,208v,200 kVA to 499 kVA,1010999.8198479265,186569.970085755
TM2106,21AE,208v,200 kVA to 499 kVA,1015248.4799857587,170520.1800069213
TM212,44AB,208v,< 200 kVA,1006808.750146091,193897.91999675333
TM2121,21Q,208v,200 kVA to 499 kVA,995460.8200860918,168004.91010308266
TM2122,3P,208v,200 kVA to 499 kVA,997101.349941507,149177.22991076112
TM2125,34I,208v,200 kVA to 499 kVA,982498.9700255841,179308.21000300348
TM2133,42Y,208v,< 200 kVA,1003475.0599630922,190669.85000933707
TM2138,48Y,208v,200 kVA to 499 kVA,1002189.3000674248,196518.9600302577
TM214,44AA,208v,< 200 kVA,1005939.1498511732,193649.09995633364
TM2143,30Q,208v,200 kVA to 499 kVA,993796.4198715836,177043.78014867008
TM2149,31U,208v,200 kVA to 499 kVA,999478.9698581696,178692.1000147611
TM215,45AA,208v,< 200 kVA,1004992.1300916672,194550.52991200984
TM2150,11P,208v,< 200 kVA,995594.0599770844,157229.03992259502
TM2153,47AA,208v,200 kVA to 499 kVA,1005159.4601375908,196831.06997033954
TM2154,21J,208v,< 200 kVA,986331.0099336803,166127.17009216547
TM2159,51U,208v,200 kVA to 499 kVA,996926.2800816745,199774.25995008647
TM216,46Z,208v,< 200 kVA,1004156.4798600972,195175.04014591873
TM2169,44L,208v,200 kVA to 499 kVA,985051.1801442504,190479.99999533594
TM217,46Y,208v,200 kVA to 499 kVA,1003068.1500157565,194987.6199170947
TM2174,50S,208v,< 200 kVA,993567.1700020134,198168.27989433706
TM218,45Z,208v,< 200 kVA,1003863.7799861729,194349.86003775895
TM2184,47N,208v,200 kVA to 499 kVA,987585.2498792559,194073.93014341593
TM2189,52U,208v,< 200 kVA,995535.5699365884,199800.00005608797
TM219,45Z,208v,< 200 kVA,1004634.9999004304,193826.78988967836
TM2190,46V,208v,200 kVA to 499 kVA,998196.7401391715,194500.57003816962
TM2193,39V,208v,200 kVA to 499 kVA,999410.619929254,186987.3301434219
TM2194,8T,208v,200 kVA to 499 kVA,1000815.8799140006,155628.8098553419
TM22,46U,208v,< 200 kVA,997149.0001086742,194346.48012325168
TM2204,52U,208v,< 200 kVA,995667.1700670868,200058.38011676073
TM2205,46P,208v,< 200 kVA,990757.4699127525,193021.1500967592
TM2207,20Q,208v,< 200 kVA,995755.3299957514,167056.97006984055
TM2210,30E,208v,200 kVA to 499 kVA,977709.0199598372,174869.12997041643
TM2212,41AE,208v,200 kVA to 499 kVA,1011390.050038591,191302.43010900915
TM2217,49M,208v,200 kVA to 499 kVA,985777.8200951666,195096.5301323384
TM222,43AA,208v,< 200 kVA,1005884.4301443398,191876.75999708474
TM223,43AA,208v,< 200 kVA,1005070.4199613333,192481.35983775556
TM2234,59U,208v,200 kVA to 499 kVA,995684.2100592554,207265.05008658767
TM2237,21J,208v,200 kVA to 499 kVA,985468.1199271679,166729.36016075313
TM224,44Z,208v,< 200 kVA,1004102.1400737613,193081.85994908214
TM2243,15F,208v,< 200 kVA,980868.6301104277,159866.01004233956
TM225,45Z,208v,< 200 kVA,1003367.1901000887,193957.05997033417
TM2257,33N,208v,< 200 kVA,989226.3601140976,179369.7400636673
TM2259,36K,208v,200 kVA to 499 kVA,984622.9300165027,181778.14010250568
TM226,48V,208v,< 200 kVA,998186.4701465964,196072.6800829172
TM2262,44U,208v,200 kVA to 499 kVA,996685.0000524223,192286.7401482612
TM2273,16Q,208v,200 kVA to 499 kVA,995606.5300965011,162530.04014733434
TM2274,45U,208v,200 kVA to 499 kVA,997006.540091753,193591.06004616618
TM2275,57W,208v,200 kVA to 499 kVA,998106.969977513,206004.27997033298
TM2277,56W,208v,200 kVA to 499 kVA,997990.5899609178,205284.1498489231
TM228,44Y,208v,< 200 kVA,1003190.0300213397,193210.04998141527
TM2294,43T,208v,< 200 kVA,995734.8100236803,190785.85994791985
TM2295,56X,208v,200 kVA to 499 kVA,999375.7699333429,205015.77013634145
TM2296,16P,208v,200 kVA to 499 kVA,994662.6100683361,162464.74008108675
TM23,46V,208v,200 kVA to 499 kVA,997986.4800610095,194475.3000755906
TM230,47M,208v,200 kVA to 499 kVA,985754.2400898337,193812.8801405877
TM2310,48M,208v,200 kVA to 499 kVA,985584.499943763,194404.04004751146
TM2316,27G,208v,< 200 kVA,980015.9598997533,171437.12994466722
TM2320,33AB,208v,< 200 kVA,1009113.7101030946,182348.57006400824
TM2322,18P,208v,200 kVA to 499 kVA,994894.160130173,164577.60002858937
TM2323,23N,208v,< 200 kVA,991329.7699492574,169552.69014400244
TM2327,31W,208v,200 kVA to 499 kVA,1002234.9098843336,178930.9000620842
TM2328,48Y,208v,200 kVA to 499 kVA,1002604.7300108373,197211.14991883934
TM2329,23R,208v,200 kVA to 499 kVA,996505.5601225942,169985.70994725823
TM2331,4G,208v,< 200 kVA,983979.0198870003,148705.61011908948
TM2334,13R,208v,200 kVA to 499 kVA,997285.7301501781,160160.8700169176
TM2335,11Q,208v,200 kVA to 499 kVA,996641.259982422,157406.61994799972
TM2336,13Q,208v,< 200 kVA,996408.6400408447,160050.82988266647
TM2337,28S,208v,200 kVA to 499 kVA,996308.5598604232,175355.46987700462
TM2338,24W,208v,200 kVA to 499 kVA,1003216.5001127571,172346.09991151094
TM2341,28E,208v,200 kVA to 499 kVA,977234.7899371684,172785.4599251747
TM2342,19Q,208v,200 kVA to 499 kVA,995963.9299722612,166310.04013325274
TM2343,28Y,208v,200 kVA to 499 kVA,1005603.2099062502,176911.28992809355
TM2348,13G,208v,200 kVA to 499 kVA,983047.0099400133,157448.31015333533
TM2349,48M,208v,200 kVA to 499 kVA,986224.080029428,194692.84983733296
TM235,45N,208v,200 kVA to 499 kVA,988064.1199845076,191927.85011801124
TM2350,30V,208v,200 kVA to 499 kVA,1000462.6201218367,178240.24986858666
TM2352,35X,208v,< 200 kVA,1003303.6600434184,183321.63996826112
TM2353,5Q,208v,200 kVA to 499 kVA,997518.4698421806,151278.58988125622
TM2354,31R,208v,200 kVA to 499 kVA,995512.2300882638,177855.26999551058
TM2355,20G,208v,< 200 kVA,981635.4901252538,164580.2401151657
TM2360,34Y,208v,< 200 kVA,1004141.6101391762,183043.02011866868
TM2361,19S,208v,< 200 kVA,997603.5100264251,166561.28011633456
TM2365,15F,208v,200 kVA to 499 kVA,980428.4699015021,159207.7200203389
TM2366,33Y,208v,< 200 kVA,1004017.259994179,181361.72984609008
TM2367,34AB,208v,200 kVA to 499 kVA,1007712.1800977588,183090.0400377512
TM2369,16O,208v,< 200 kVA,993804.5701177567,162273.1400705874
TM2374,21H,208v,< 200 kVA,983071.5000485033,166257.5198970884
TM2378,15G,208v,< 200 kVA,981839.2498883456,159075.0998787582
TM2383,49S,208v,200 kVA to 499 kVA,993532.5601630956,197049.35988809168
TM2384,40M,208v,< 200 kVA,986257.0300947577,186635.71011175215
TM2385,10T,208v,< 200 kVA,1000494.8100180924,157177.1299214214
TM2386,9T,208v,200 kVA to 499 kVA,1000835.0399806798,156400.14000558853
TM2387,10U,208v,200 kVA to 499 kVA,1002126.4199438393,157512.79985375702
TM2388,8U,208v,200 kVA to 499 kVA,1002388.6999310851,155848.2198495865
TM2389,48V,208v,200 kVA to 499 kVA,998761.8899275064,196266.80994400382
TM2390,25T,208v,< 200 kVA,999290.8599981666,172504.92997442186
TM2391,25U,208v,< 200 kVA,1000104.5499718338,172592.64994333684
TM2392,25T,208v,< 200 kVA,998657.0299010128,171953.81985616684
TM2393,24T,208v,200 kVA to 499 kVA,999527.0599850863,172022.69996775687
TM2394,24U,208v,200 kVA to 499 kVA,1000115.790106833,172071.29993617535
TM2395,24T,208v,< 200 kVA,999516.9100710005,171167.8499714285
TM2396,24U,208v,200 kVA to 499 kVA,1000175.039988339,171221.099864915
TM2399,9T,208v,200 kVA to 499 kVA,1001827.4599118382,156548.32999792695
TM24,47S,208v,< 200 kVA,994637.0300670117,195138.5198777616
TM240,47M,208v,200 kVA to 499 kVA,985325.1100425869,193711.77994908392
TM2400,10T,208v,200 kVA to 499 kVA,1001291.2100000978,157174.87992592156
TM2402,9T,208v,200 kVA to 499 kVA,1001505.1101628393,155850.23985867202
TM2403,49W,208v,< 200 kVA,999596.5598460883,197212.7299681753
TM2404,19R,208v,< 200 kVA,996514.3701443374,165983.36985483766
TM2406,29AA,208v,200 kVA to 499 kVA,1008354.350073263,177735.3401172608
TM2408,10I,208v,200 kVA to 499 kVA,986365.1499572545,155288.86007592082
TM241,38L,208v,< 200 kVA,986287.4601520002,184519.4699216783
TM2410,17H,208v,< 200 kVA,983457.1498677582,161903.92985101044
TM2411,18I,208v,< 200 kVA,984245.979983002,162639.86013767123
TM2414,16H,208v,< 200 kVA,982993.0799297541,160932.799903512
TM2416,49O,208v,200 kVA to 499 kVA,988554.0501070023,195657.11989042163
TM2417,55V,208v,< 200 kVA,997440.8098925054,203361.46996726096
TM2419,22Y,208v,200 kVA to 499 kVA,1006759.5100870878,170673.78009341657
TM242,39N,208v,200 kVA to 499 kVA,988110.2101154178,185529.27990992367
TM2420,22Y,208v,< 200 kVA,1006162.4899556786,170018.80994667113
TM2421,22Y,208v,< 200 kVA,1005673.1900812536,170607.04006941617
TM2424,54V,208v,200 kVA to 499 kVA,997158.4200373441,202742.83012841642
TM2425,30V,208v,200 kVA to 499 kVA,1000215.5999465883,178209.99008658528
TM2429,46W,208v,< 200 kVA,1000314.3901033401,194544.19987216592
TM243,30H,208v,< 200 kVA,981636.0301504284,174770.20989267528
TM2435,28O,208v,200 kVA to 499 kVA,991308.180097431,174090.91991266608
TM2438,20P,208v,< 200 kVA,994141.3499560058,166057.41006109118
TM244,29G,208v,200 kVA to 499 kVA,981000.840147838,173972.34009733796
TM2442,7M,208v,< 200 kVA,992053.5598402619,152776.2801273316
TM2443,49V,208v,200 kVA to 499 kVA,998672.5800667554,197093.909995839
TM2446,28R,208v,< 200 kVA,995413.0600110143,175096.45989634097
TM2448,34W,208v,< 200 kVA,1001732.4099050909,181973.66005267203
TM2451,14I,208v,< 200 kVA,984914.089867264,158506.74996559322
TM2453,47O,208v,200 kVA to 499 kVA,989055.5399176776,193721.17002217472
TM2454,7N,208v,200 kVA to 499 kVA,992638.3998779207,152873.6201557517
TM246,33K,208v,< 200 kVA,985179.9800835103,179239.98999509215
TM2460,25G,208v,200 kVA to 499 kVA,981052.5798737556,169534.30008892715
TM2463,7M,208v,< 200 kVA,991485.4300710112,152711.31995542347
TM2464,7M,208v,< 200 kVA,992325.5100837499,152831.07004401088
TM2465,6M,208v,200 kVA to 499 kVA,992172.0599313378,151899.120136261
TM2469,25G,208v,< 200 kVA,980829.7699519247,169857.6301509291
TM247,41N,208v,200 kVA to 499 kVA,988131.4800860137,187352.04004392028
TM2470,48P,208v,< 200 kVA,989373.1301617622,194802.74003750086
TM2471,6N,208v,200 kVA to 499 kVA,992822.7899290919,152262.2998560816
TM2473,24P,208v,< 200 kVA,993438.9701271802,170194.61996249855
TM2474,39V,208v,< 200 kVA,1000020.4100482613,187145.88986566663
TM2475,6M,208v,200 kVA to 499 kVA,992436.5899140835,151954.3998813331
TM248,41O,208v,< 200 kVA,988925.9801374227,187843.9199656695
TM2485,59U,208v,200 kVA to 499 kVA,995798.0100285113,207346.0699376762
TM2486,28L,208v,200 kVA to 499 kVA,987556.6498708427,174040.90984208882
TM2487,25H,208v,< 200 kVA,982846.6599470079,170186.2200449258
TM249,35J,208v,200 kVA to 499 kVA,983956.4598927498,180187.0999775082
TM2491,25W,208v,< 200 kVA,1002482.5399665087,173120.10984642804
TM2492,22R,208v,200 kVA to 499 kVA,996034.2500415891,168966.31992566586
TM2494,43T,208v,200 kVA to 499 kVA,995783.7400439233,191343.66001342237
TM2495,26I,208v,< 200 kVA,983604.879887253,170861.0999287516
TM25,47T,208v,< 200 kVA,995566.8100315928,195273.70005358756
TM250,40O,208v,< 200 kVA,989369.2098940015,186710.33988375962
TM2502,18I,208v,< 200 kVA,984926.729933843,163434.78997825086
TM2504,20J,208v,< 200 kVA,986207.4501414299,165062.87989792228
TM2505,20K,208v,< 200 kVA,986877.6499164999,165936.34993575513
TM2509,14O,208v,< 200 kVA,993716.2901105881,160628.74998667836
TM2510,43J,208v,< 200 kVA,982670.3499321789,188325.6099471748
TM2511,44P,208v,200 kVA to 499 kVA,990088.2100964189,191239.82984051108
TM2518,13Q,208v,< 200 kVA,996062.5698668361,160002.39986142516
TM2521,29J,208v,< 200 kVA,984774.3700023443,174977.88992351294
TM2522,28K,208v,< 200 kVA,986026.5600832552,173856.11985734105
TM2523,29J,208v,< 200 kVA,984283.6199995875,174030.67003317177
TM2525,27L,208v,< 200 kVA,987234.0100961775,172902.6699925959
TM2526,26K,208v,< 200 kVA,986578.5100948364,172071.85013192892
TM2527,28M,208v,200 kVA to 499 kVA,988363.4500945061,174473.5398823321
TM2528,24R,208v,200 kVA to 499 kVA,995939.9198496789,170746.4600661695
TM2529,13N,208v,200 kVA to 499 kVA,992470.0301359296,158640.62010467052
TM253,39N,208v,< 200 kVA,988904.4401542544,185811.9200926721
TM2532,15O,208v,< 200 kVA,993328.3899677545,161166.30993516743
TM2533,31G,208v,< 200 kVA,979645.770023346,176007.94987125695
TM2534,3P,208v,200 kVA to 499 kVA,996947.0398826748,149631.31988184154
TM2535,5P,208v,< 200 kVA,996434.5999626666,151369.21994933486
TM2537,20O,208v,200 kVA to 499 kVA,992710.2199442536,165837.64015942812
TM2539,10Q,208v,200 kVA to 499 kVA,996810.9299186766,156140.50010491908
TM254,34K,208v,< 200 kVA,985031.0601057559,180038.7800641656
TM2542,27AE,208v,200 kVA to 499 kVA,1013066.8101365119,176696.5600425899
TM2549,29Z,208v,200 kVA to 499 kVA,1006224.1499373466,177853.01015751064
TM255,34J,208v,200 kVA to 499 kVA,984341.0798584223,179203.7000414282
TM2554,46V,208v,200 kVA to 499 kVA,998212.1498852521,194516.0700071752
TM2555,45N,208v,200 kVA to 499 kVA,988071.4900485128,191601.46002276242
TM2556,11Q,208v,< 200 kVA,997112.2498540878,157494.4101267606
TM2557,26Q,208v,< 200 kVA,994103.4500974268,172965.7098927498
TM2558,46V,208v,< 200 kVA,998533.6800820976,194820.55988375843
TM256,36K,208v,200 kVA to 499 kVA,985290.5399017632,181888.71993383765
TM2560,27Q,208v,200 kVA to 499 kVA,993870.1398685127,174014.159895584
TM2561,25Q,208v,200 kVA to 499 kVA,994311.3299310058,171464.2499691695
TM2562,21Q,208v,< 200 kVA,994639.519891426,167870.28012301028
TM2563,12R,208v,< 200 kVA,997530.3500677496,158473.1899933368
TM2565,25P,208v,< 200 kVA,993747.6299429238,171780.06003308296
TM2566,20R,208v,< 200 kVA,996895.5800118446,167248.0700813383
TM2567,19O,208v,200 kVA to 499 kVA,993381.790123418,164959.82990717888
TM257,35K,208v,< 200 kVA,984637.9900257587,181058.57986183465
TM2571,11T,208v,< 200 kVA,1000381.1301273406,157970.7300402522
TM2573,32X,208v,200 kVA to 499 kVA,1002920.0299051702,180867.44015225768
TM2578,22D,208v,200 kVA to 499 kVA,977794.7999720126,165710.5898885876
TM2579,23D,208v,200 kVA to 499 kVA,977313.3199638426,166802.52011942863
TM258,37L,208v,200 kVA to 499 kVA,985296.4099687636,182972.53010217845
TM2580,23C,208v,< 200 kVA,975623.360089168,166487.08013351262
TM2586,38M,208v,200 kVA to 499 kVA,987527.8100335002,184340.6398987621
TM2589,30R,208v,< 200 kVA,995474.1300988346,177186.43012583256
TM259,37L,208v,< 200 kVA,986378.249996677,183231.3501225859
TM2590,29R,208v,200 kVA to 499 kVA,995730.540019095,176524.7798743397
TM2592,41J,208v,< 200 kVA,983168.7199984193,186463.53985242546
TM26,47U,208v,200 kVA to 499 kVA,996404.2801414281,195264.39987534285
TM260,38M,208v,< 200 kVA,986852.7001632601,184158.96014399827
TM2602,30AE,208v,200 kVA to 499 kVA,1012830.4398743361,179790.17983959615
TM2609,21M,208v,< 200 kVA,989961.120127514,167365.97010800242
TM2612,21A,208v,200 kVA to 499 kVA,973209.1900487542,164875.96983867884
TM2614,20O,208v,200 kVA to 499 kVA,993133.2400955856,166678.1299482584
TM2616,18N,208v,< 200 kVA,991433.1998605132,163872.00006183982
TM2624,20I,208v,< 200 kVA,985096.629856512,165325.6198580116
TM2626,19H,208v,< 200 kVA,983783.0501345843,163653.5500394255
TM2627,18H,208v,< 200 kVA,983134.3099622577,162702.44990751147
TM2628,18H,208v,< 200 kVA,982901.1998641789,162418.22016100585
TM2629,17G,208v,< 200 kVA,982171.4001426697,161605.60990959406
TM263,35K,208v,200 kVA to 499 kVA,985538.0098792613,181006.66986067593
TM2635,18P,208v,200 kVA to 499 kVA,994861.3800120056,164571.68993541598
TM2636,28U,208v,< 200 kVA,999849.8598644286,175832.13001292944
TM2637,23L,208v,< 200 kVA,988837.8100381792,168401.0198751688
TM2638,8T,208v,200 kVA to 499 kVA,1001195.1599953473,154897.24012425542
TM266,38L,208v,200 kVA to 499 kVA,985601.6199882627,183435.3798982501
TM2662,23Q,208v,< 200 kVA,994371.5601255,169528.99006016552
TM2663,5O,208v,< 200 kVA,995370.6700039208,151146.97006575763
TM2665,26P,208v,< 200 kVA,993624.439900592,172716.90002292395
TM2666,20L,208v,< 200 kVA,988645.0499250144,165754.439866513
TM2668,24Q,208v,200 kVA to 499 kVA,994494.7301547527,170362.22986350954
TM2669,4O,208v,< 200 kVA,995166.119888097,149695.8400940001
TM267,40N,208v,200 kVA to 499 kVA,987712.8300046772,186754.70003125072
TM2670,4O,208v,200 kVA to 499 kVA,995395.4701511711,150437.50987049937
TM2672,14L,208v,< 200 kVA,990050.8801185936,159628.9101228416
TM2675,15L,208v,< 200 kVA,989360.6600423455,160652.2899658382
TM2676,30AB,208v,< 200 kVA,1009152.9199984223,179433.02012084424
TM2677,30AD,208v,200 kVA to 499 kVA,1011350.7699334174,179869.95002125204
TM2678,30AC,208v,< 200 kVA,1010921.239952594,179132.48988200724
TM2679,29AB,208v,< 200 kVA,1009472.7100412548,178226.32994891703
TM268,36L,208v,200 kVA to 499 kVA,986317.2901448458,181706.460127756
TM2681,29AC,208v,< 200 kVA,1011031.6399942636,178530.03997142613
TM2682,29AD,208v,< 200 kVA,1011416.5299725085,178677.41992600262
TM2683,28AC,208v,200 kVA to 499 kVA,1010534.0599526763,177827.68015567958
TM2684,32W,208v,200 kVA to 499 kVA,1002508.1199678332,179856.49007442594
TM2688,21K,208v,< 200 kVA,987537.0800280869,166766.55004701018
TM2689,31R,208v,< 200 kVA,995293.0599229187,178140.60997600853
TM269,38L,208v,200 kVA to 499 kVA,986022.5899468362,184064.16013675928
TM2690,28E,208v,200 kVA to 499 kVA,977783.4299160093,172953.2200883329
TM2693,52Y,208v,< 200 kVA,1001078.7799787521,201224.73998875916
TM2694,52Y,208v,< 200 kVA,1001358.0199058354,200670.45008683205
TM2695,30N,208v,200 kVA to 499 kVA,989917.3298607618,175967.42009666562
TM2698,30F,208v,< 200 kVA,978188.4701164216,174184.6500401795
TM2699,25G,208v,< 200 kVA,981439.9301489294,169368.2098699212
TM27,47U,208v,< 200 kVA,997271.8299155086,195297.99987375736
TM270,36M,208v,< 200 kVA,986976.9600853473,181607.12010334432
TM2702,48Y,208v,200 kVA to 499 kVA,1002613.7998745888,197188.83992408216
TM2703,18R,208v,< 200 kVA,997270.0398928374,164667.5601505041
TM2704,38K,208v,200 kVA to 499 kVA,984759.7801365107,183392.04993242025
TM2706,16R,208v,< 200 kVA,997516.2198466808,162864.949910596
TM2707,17R,208v,200 kVA to 499 kVA,997406.7801049203,163767.57999509573
TM271,36M,208v,200 kVA to 499 kVA,987545.7401157618,182477.87000225484
TM2711,10U,208v,200 kVA to 499 kVA,1002589.7300408334,157685.3398630023
TM2714,27C,208v,200 kVA to 499 kVA,974649.2600032538,171204.13992509246
TM2715,24C,208v,200 kVA to 499 kVA,975167.5401346684,167644.649996832
TM2718,25B,208v,200 kVA to 499 kVA,973690.1100186706,168236.57991534472
TM2719,46P,208v,200 kVA to 499 kVA,990572.5001383424,192776.97998142242
TM2722,15S,208v,< 200 kVA,998370.3198445141,162052.8800124228
TM2723,25B,208v,< 200 kVA,974563.5698859245,168530.68004892766
TM2724,14S,208v,< 200 kVA,998471.6998910904,161263.66997666657
TM2726,26C,208v,200 kVA to 499 kVA,974889.4799952507,169585.44007851183
TM2727,4Q,208v,< 200 kVA,997217.2998408377,150366.51985500753
TM273,39M,208v,200 kVA to 499 kVA,987542.7000955939,185272.55995091796
TM2731,33T,208v,< 200 kVA,997943.1199115068,181158.03012225032
TM2732,34T,208v,< 200 kVA,997004.8501345068,181757.759893924
TM2733,28Q,208v,200 kVA to 499 kVA,994621.1698625088,175072.56000976264
TM2737,26O,208v,< 200 kVA,991417.7100620866,172772.14991241693
TM2739,24S,208v,< 200 kVA,997899.1800387502,171014.68000216782
TM2740,31AB,208v,< 200 kVA,1008179.9399890006,180179.20005892217
TM2744,46P,208v,< 200 kVA,990147.4199517518,192914.00989109278
TM2747,26K,208v,< 200 kVA,985918.2200768441,171248.35998100042
TM2748,31T,208v,200 kVA to 499 kVA,998442.5700280964,178611.1198617518
TM2749,26H,208v,< 200 kVA,981659.7600898445,170779.7598683387
TM275,38M,208v,< 200 kVA,987899.149842009,184134.32010142505
TM2751,25O,208v,200 kVA to 499 kVA,991664.0301075131,170997.1199979186
TM2752,38Z,208v,< 200 kVA,1005370.9498720914,186658.71990825236
TM2762,30W,208v,200 kVA to 499 kVA,1001561.1399064213,178465.60013967752
TM2763,30W,208v,200 kVA to 499 kVA,1002315.839840591,177949.04014916718
TM277,36L,208v,< 200 kVA,986722.0399915129,182394.17988091707
TM2777,46U,208v,200 kVA to 499 kVA,996396.5498419255,194353.57000409067
TM2779,39Q,208v,200 kVA to 499 kVA,991949.8100477606,185723.95996674895
TM2780,44N,208v,200 kVA to 499 kVA,987137.980104506,190323.27983634174
TM2781,43J,208v,200 kVA to 499 kVA,982286.3900701702,188181.83989350498
TM2783,46U,208v,200 kVA to 499 kVA,996407.7299376726,194364.56998208165
TM2785,33G,208v,200 kVA to 499 kVA,980059.9201136678,177515.31004551053
TM2787,21AF,208v,200 kVA to 499 kVA,1016270.7098966688,170586.69004450738
TM2788,19AF,208v,200 kVA to 499 kVA,1015830.6901074201,169199.1199849993
TM2789,33AB,208v,200 kVA to 499 kVA,1008887.2400835901,182016.72984842956
TM279,37M,208v,200 kVA to 499 kVA,987327.670013845,183236.41015183926
TM2791,20AF,208v,200 kVA to 499 kVA,1015553.3901370913,169609.42001742125
TM2792,58U,208v,200 kVA to 499 kVA,995380.8599441797,206791.15995825827
TM2794,25K,208v,200 kVA to 499 kVA,986328.6998989284,170427.71004749835
TM2799,43U,208v,200 kVA to 499 kVA,997139.9499299228,191042.69014292955
TM28,48S,208v,200 kVA to 499 kVA,994044.5801364183,196085.01995325089
TM280,39M,208v,200 kVA to 499 kVA,986582.2200611681,185093.66988874972
TM2807,29G,208v,< 200 kVA,980842.3699923456,173760.66007450223
TM2809,31T,208v,200 kVA to 499 kVA,998464.0601425916,178615.3498401791
TM281,27E,208v,200 kVA to 499 kVA,977242.2400535047,171359.53003425896
TM2811,44N,208v,200 kVA to 499 kVA,987162.0499382615,190316.39008633792
TM2814,20AF,208v,< 200 kVA,1016411.9500997514,169785.23987574875
TM2815,58U,208v,200 kVA to 499 kVA,995405.1000531763,206794.119926095
TM2821,43U,208v,200 kVA to 499 kVA,997071.8598430008,191060.34988451004
TM2822,59U,208v,200 kVA to 499 kVA,995895.2900176793,207354.23986883461
TM2828,51U,208v,200 kVA to 499 kVA,996827.7199113369,199803.25989209116
TM283,25E,208v,< 200 kVA,978151.8199272603,169457.06992842257
TM2831,59U,208v,200 kVA to 499 kVA,995917.3398423344,207358.04990059137
TM2835,51U,208v,< 200 kVA,996843.0400906801,199787.92002776265
TM2837,53T,208v,200 kVA to 499 kVA,995014.2701261789,200814.8398899287
TM2839,49Y,208v,200 kVA to 499 kVA,1002530.9001060128,198396.28993700445
TM284,25E,208v,< 200 kVA,977980.9098360091,168973.70016025007
TM2842,51U,208v,200 kVA to 499 kVA,996857.5400616676,199786.6900433451
TM2843,53T,208v,< 200 kVA,994785.6498485059,200863.0799509287
TM2844,27N,208v,200 kVA to 499 kVA,990712.7200022638,173568.12994775176
TM2847,43L,208v,< 200 kVA,984686.5401255041,189501.91008800268
TM2848,43L,208v,200 kVA to 499 kVA,985395.7001245022,189637.29006658494
TM285,27E,208v,200 kVA to 499 kVA,977908.7400328368,171333.2600736767
TM2850,53T,208v,200 kVA to 499 kVA,995030.2799366713,200803.50001758337
TM2858,22O,208v,< 200 kVA,992885.7501050085,168421.34004449844
TM2862,25L,208v,200 kVA to 499 kVA,988518.2201261669,170644.64005984366
TM2863,5O,208v,< 200 kVA,994391.0000472516,151039.09987467527
TM2865,30AA,208v,< 200 kVA,1008204.019993335,179200.36015309393
TM2867,32R,208v,< 200 kVA,995091.5800109208,179720.76003092527
TM2869,27J,208v,< 200 kVA,984117.8798455,172727.73989625275
TM2870,40AA,208v,< 200 kVA,1006151.3899122626,189443.52011291683
TM2872,19O,208v,200 kVA to 499 kVA,992304.2201000899,164949.86995333433
TM2873,41T,208v,< 200 kVA,997010.2799136788,188876.0999879241
TM2874,32R,208v,< 200 kVA,995352.5499614179,178739.9001160115
TM2875,45AB,208v,< 200 kVA,1006346.7199021727,194210.63000126183
TM2876,28K,208v,< 200 kVA,985726.6499219239,173432.89990325272
TM2877,6N,208v,200 kVA to 499 kVA,993677.2399918437,151741.04991434515
TM288,21D,208v,200 kVA to 499 kVA,977550.2000675052,165246.80997624993
TM2882,44AA,208v,< 200 kVA,1005008.1300596744,193695.69008626044
TM289,39N,208v,< 200 kVA,988707.7299177498,185422.37986125052
TM2890,14I,208v,< 200 kVA,985768.5300875008,158811.93997199833
TM2891,39V,208v,< 200 kVA,998787.4499157518,187173.7100200057
TM2894,58W,208v,200 kVA to 499 kVA,997772.9699893445,206723.1899498403
TM2895,14J,208v,200 kVA to 499 kVA,986187.3999846727,158741.40992933512
TM2896,26C,208v,< 200 kVA,975952.4601527601,169978.27984400094
TM2897,13J,208v,< 200 kVA,986957.4699668437,158469.6601447612
TM2898,15H,208v,200 kVA to 499 kVA,983640.4001574218,160213.4099380821
TM290,27D,208v,< 200 kVA,976460.5001471788,171490.2200615853
TM2901,26D,208v,< 200 kVA,976964.3898874223,170526.45000749826
TM2903,25D,208v,< 200 kVA,976643.4699255973,169605.69988051057
TM2907,58W,208v,200 kVA to 499 kVA,997527.0200219303,206947.74002566934
TM291,27D,208v,200 kVA to 499 kVA,976220.4599448442,170752.2500808388
TM2914,47X,208v,200 kVA to 499 kVA,1001422.0401190072,195776.1800197512
TM2915,19Q,208v,200 kVA to 499 kVA,995997.1598926783,165337.3501495123
TM2916,35T,208v,200 kVA to 499 kVA,997108.9798475057,183079.83992692828
TM2917,46X,208v,< 200 kVA,1001648.1200474203,195256.660061419
TM2918,34T,208v,< 200 kVA,997119.4801545888,182006.43000026047
TM292,26C,208v,200 kVA to 499 kVA,975922.5701206774,169787.58009417355
TM2920,25E,208v,< 200 kVA,978266.4601179212,169744.42007550597
TM2923,30R,208v,200 kVA to 499 kVA,995652.0300054997,176840.16999158263
TM2924,29T,208v,< 200 kVA,998275.7800073475,176747.3499672562
TM2929,35L,208v,200 kVA to 499 kVA,986525.4800171703,180905.04014267027
TM293,24D,208v,< 200 kVA,977667.6899900138,167846.2998560071
TM2931,49V,208v,< 200 kVA,998569.9500226676,197603.7101573348
TM2933,34L,208v,< 200 kVA,986475.4000648409,179467.46001258492
TM2934,54V,208v,200 kVA to 499 kVA,996990.1500326693,202645.99009901285
TM2935,47W,208v,200 kVA to 499 kVA,999277.7501162589,195439.39985342324
TM2940,37U,208v,200 kVA to 499 kVA,998813.3101002574,185238.9799655825
TM2944,30T,208v,< 200 kVA,998230.309953928,177608.88006833196
TM2945,39X,208v,< 200 kVA,1002248.739909172,187495.0699415952
TM2951,36T,208v,< 200 kVA,997257.3801412582,183980.84009341896
TM2954,38R,208v,< 200 kVA,994427.8100130111,185744.12003141642
TM2959,38S,208v,< 200 kVA,995389.0298753381,185401.51015233994
TM296,23D,208v,200 kVA to 499 kVA,976647.6398647577,167272.11990199983
TM2961,47X,208v,< 200 kVA,1000687.5199345052,195749.6899152547
TM2963,6R,208v,200 kVA to 499 kVA,998501.9898567498,152435.1098779291
TM2966,36U,208v,< 200 kVA,998098.0398772508,184295.4500285089
TM2968,3N,208v,< 200 kVA,994455.6498523355,149435.1299855113
TM297,25D,208v,200 kVA to 499 kVA,976507.6998559237,169065.249845922
TM2972,47W,208v,200 kVA to 499 kVA,999622.8599903435,195621.4001455903
TM2980,34X,208v,< 200 kVA,1002603.1099353433,182639.99992734194
TM2985,44O,208v,200 kVA to 499 kVA,988297.9600680023,191056.440115422
TM2986,49V,208v,< 200 kVA,997815.5499566793,197674.39997659624
TM2987,42W,208v,200 kVA to 499 kVA,1000260.3298440129,190523.95988117158
TM2991,38AC,208v,200 kVA to 499 kVA,1008804.1398560852,187416.22987617552
TM2993,41AE,208v,200 kVA to 499 kVA,1011257.7999750078,191317.80999951065
TM300,26E,208v,200 kVA to 499 kVA,978485.8901252598,170024.95002625883
TM3008,39AB,208v,< 200 kVA,1007253.0599530041,188237.09011109173
TM301,38W,208v,< 200 kVA,1001255.2399276793,186147.7199460119
TM3014,46T,208v,200 kVA to 499 kVA,995769.9999139309,194245.4501415938
TM3015,32W,208v,200 kVA to 499 kVA,1002367.7199861705,180414.23010067642
TM302,37X,208v,200 kVA to 499 kVA,1002805.6498845965,186026.3599525094
TM3022,44AC,208v,< 200 kVA,1008133.5099637508,193856.84002642334
TM3023,43AD,208v,< 200 kVA,1009789.6300110966,192603.00001442432
TM3029,23B,208v,200 kVA to 499 kVA,973955.8001040965,166286.4601279199
TM303,37Y,208v,200 kVA to 499 kVA,1004354.0798585862,185945.30991776288
TM304,37AA,208v,200 kVA to 499 kVA,1005941.6800298393,185839.8199712485
TM3044,34M,208v,< 200 kVA,987683.8700888455,179838.8201622516
TM3049,44O,208v,200 kVA to 499 kVA,988297.9699105024,191185.30993641913
TM305,41N,208v,< 200 kVA,988272.3400405049,187880.68990525603
TM3051,40K,208v,200 kVA to 499 kVA,983914.2900295854,185966.699966833
TM3054,29Z,208v,< 200 kVA,1006507.0899882615,178200.68006584048
TM306,41N,208v,200 kVA to 499 kVA,988696.6899135858,187255.5901055932
TM3065,9N,208v,200 kVA to 499 kVA,993598.359900251,154594.84998100996
TM3068,48N,208v,200 kVA to 499 kVA,987315.9098667502,194908.60990451276
TM3077,11I,208v,200 kVA to 499 kVA,985084.3398548365,156313.2599299997
TM308,32O,208v,200 kVA to 499 kVA,991435.2700663358,178469.5601055026
TM309,30O,208v,< 200 kVA,991744.8501558453,177000.17984217405
TM3099,8S,208v,200 kVA to 499 kVA,999415.440129593,155328.04011566937
TM31,48U,208v,< 200 kVA,996486.2399512529,196069.2001029998
TM3100,10S,208v,200 kVA to 499 kVA,999233.2600477636,157085.71015675366
TM3107,8S,208v,200 kVA to 499 kVA,999597.6599095017,154675.29995134473
TM311,30O,208v,200 kVA to 499 kVA,991520.1501459181,176428.68000091612
TM3111,37Y,208v,< 200 kVA,1003599.6499370039,186016.25990708172
TM3113,20S,208v,< 200 kVA,998465.3399956673,167516.08988650143
TM3119,20Q,208v,200 kVA to 499 kVA,995229.8700886667,167000.9698537588
TM312,29O,208v,< 200 kVA,991314.4300849289,175404.58985750377
TM313,29N,208v,< 200 kVA,990114.2799261808,175138.17011475563
TM314,30N,208v,< 200 kVA,990390.5500429273,176243.97006849945
TM316,38O,208v,200 kVA to 499 kVA,989608.1100067496,184243.16010683775
TM317,37N,208v,200 kVA to 499 kVA,989044.8801620901,183383.13000275195
TM3179,29N,208v,< 200 kVA,989771.360008344,175153.11004550755
TM32,49S,208v,200 kVA to 499 kVA,993338.9201304168,196883.56986534595
TM320,38O,208v,< 200 kVA,989367.8700016737,185011.88002608716
TM322,37M,208v,< 200 kVA,987872.8798814267,182900.85996992886
TM3237,40Q,208v,< 200 kVA,992836.4900329262,187149.60016009212
TM324,34J,208v,200 kVA to 499 kVA,983437.8500375897,179283.15985625982
TM326,36U,208v,< 200 kVA,997966.199917838,183990.34007441998
TM328,36N,208v,< 200 kVA,989424.1399022639,182513.71015366912
TM3305,35J,208v,200 kVA to 499 kVA,982990.2098567635,180043.95000134408
TM333,35O,208v,< 200 kVA,990738.9699497521,181650.74993734062
TM3331,3K,208v,200 kVA to 499 kVA,989268.1398861706,148326.58003725111
TM334,35O,208v,200 kVA to 499 kVA,989914.0500116795,181553.63005283475
TM34,49T,208v,200 kVA to 499 kVA,994906.4901580065,196799.5198365897
TM340,35M,208v,< 200 kVA,988044.6600496769,181546.36989675462
TM342,35M,208v,< 200 kVA,987513.9800086766,180721.32988017797
TM344,33N,208v,200 kVA to 499 kVA,988756.7199772596,179715.92014558613
TM345,34L,208v,200 kVA to 499 kVA,986909.0999848396,179873.70985625684
TM3452,45V,208v,< 200 kVA,999128.0201007575,193021.28986024857
TM3483,23Q,208v,200 kVA to 499 kVA,995192.7901103348,169721.4099509269
TM3489,34R,208v,200 kVA to 499 kVA,995112.9198632538,181190.61010958254
TM35,49T,208v,< 200 kVA,995757.9700823426,196880.22997701168
TM350,37R,208v,< 200 kVA,994891.5298860967,183959.64984709024
TM354,35S,208v,200 kVA to 499 kVA,995711.6299519241,182650.9300235957
TM359,36T,208v,200 kVA to 499 kVA,996519.2900820076,183482.22002767026
TM36,50S,208v,< 200 kVA,994234.1401247531,197490.44004267454
TM360,36T,208v,< 200 kVA,997153.7901253402,183718.75990892947
TM361,36U,208v,< 200 kVA,998040.3100058436,183390.31994900107
TM362,35T,208v,< 200 kVA,997842.3100737631,182687.23999033868
TM363,34T,208v,< 200 kVA,997932.4499853402,181712.2101162523
TM364,35T,208v,< 200 kVA,997043.4399523437,182412.91015842557
TM365,33R,208v,< 200 kVA,995167.6500687599,180656.0599975884
TM3650,5L,208v,200 kVA to 499 kVA,990693.5701061785,150436.29989917576
TM367,35R,208v,< 200 kVA,994901.8799310029,182488.95003259182
TM368,35U,208v,200 kVA to 499 kVA,998748.5398885906,183297.1200041771
TM369,36S,208v,< 200 kVA,995892.4199446738,183290.0701495111
TM370,33R,208v,< 200 kVA,994627.2098766714,179935.2901136726
TM373,32R,208v,< 200 kVA,995300.6901570112,179556.869938761
TM374,33S,208v,< 200 kVA,996253.6498652548,180175.32998792827
TM376,33T,208v,< 200 kVA,997161.1099925935,180542.61009325087
TM377,33T,208v,< 200 kVA,997973.7500995845,180613.35010924935
TM378,32T,208v,< 200 kVA,998066.8699920923,179272.1700488329
TM379,32T,208v,< 200 kVA,997206.9701370895,179729.36992183328
TM380,32S,208v,< 200 kVA,996349.5400934219,179095.32985134423
TM384,31R,208v,200 kVA to 499 kVA,995394.509851262,178456.94989450276
TM385,31R,208v,< 200 kVA,994857.1300205141,177955.13003200293
TM386,30R,208v,< 200 kVA,994837.8200197518,177195.3799110949
TM387,30R,208v,< 200 kVA,994991.329883337,176757.3601178378
TM390,29R,208v,200 kVA to 499 kVA,995090.8500255048,176058.91007117927
TM391,29R,208v,200 kVA to 499 kVA,995049.799910754,175575.83000059426
TM395,27T,208v,< 200 kVA,998440.8600577563,174990.4200821668
TM396,28T,208v,200 kVA to 499 kVA,998390.3001195043,175682.60997074842
TM397,29U,208v,200 kVA to 499 kVA,999011.330045417,176490.5801395923
TM400,27S,208v,200 kVA to 499 kVA,996697.6699745953,174173.6999308318
TM401,26S,208v,200 kVA to 499 kVA,996926.2200424224,173504.3498915881
TM403,28R,208v,< 200 kVA,995888.8100437522,175276.93000784516
TM405,27R,208v,200 kVA to 499 kVA,995260.0101202577,174243.08004142344
TM4057,46V,208v,200 kVA to 499 kVA,998225.55012092,194529.36984933913
TM406,27R,208v,< 200 kVA,995777.0500966758,174252.6098780036
TM408,26R,208v,< 200 kVA,996001.9899355024,173279.24994808435
TM409,26R,208v,< 200 kVA,995590.9999438375,173013.05986367166
TM41,51T,208v,< 200 kVA,995645.4499661773,198728.16985067725
TM412,25S,208v,< 200 kVA,997804.0998483449,172731.1998630911
TM413,25T,208v,< 200 kVA,998636.0499560833,172440.66993233562
TM414,25S,208v,200 kVA to 499 kVA,997868.6200605035,171872.36004534364
TM415,24R,208v,< 200 kVA,996325.819996506,171496.4500360042
TM416,30R,208v,< 200 kVA,995598.8499937505,176810.38002492487
TM417,29R,208v,200 kVA to 499 kVA,995344.9499110132,176085.05995325744
TM418,25R,208v,200 kVA to 499 kVA,995793.2400249243,171674.63012583554
TM420,29Q,208v,< 200 kVA,994162.6100840867,176368.39009524882
TM424,36K,208v,200 kVA to 499 kVA,984990.7301339209,181482.8001420051
TM426,58W,208v,200 kVA to 499 kVA,997670.9800358415,206710.41011975706
TM428,6O,208v,< 200 kVA,994921.5399966687,152427.26999859512
TM429,43N,208v,< 200 kVA,987148.270110175,189664.4199335873
TM43,51S,208v,< 200 kVA,993261.1899709255,198899.59011150897
TM430,43N,208v,200 kVA to 499 kVA,987900.1498400122,189912.6999488324
TM431,43N,208v,< 200 kVA,988156.7900747508,189123.50008367002
TM436,41O,208v,200 kVA to 499 kVA,990110.6398415864,188120.82984492183
TM437,41O,208v,< 200 kVA,989888.6701411754,187660.25989992917
TM438,41P,208v,< 200 kVA,990847.3798379302,187762.6999837607
TM4381,35J,208v,200 kVA to 499 kVA,983954.1698710918,180591.36983825266
TM439,40P,208v,< 200 kVA,991500.6898830086,186899.10000492632
TM440,40Q,208v,200 kVA to 499 kVA,992338.5700970143,187324.27008633316
TM444,43P,208v,< 200 kVA,990719.4699887633,189711.4500232488
TM447,42R,208v,200 kVA to 499 kVA,993274.7001145035,189294.7100430876
TM448,42Q,208v,200 kVA to 499 kVA,992617.9501156807,189765.3600204289
TM449,43Q,208v,200 kVA to 499 kVA,991518.2298741788,189803.1499710828
TM45,51T,208v,< 200 kVA,994946.8099592626,199364.32999567688
TM451,43Q,208v,< 200 kVA,992269.9898535907,190428.00994184613
TM452,43R,208v,< 200 kVA,993109.8900766671,190386.4699986726
TM453,44Q,208v,200 kVA to 499 kVA,992440.4799981713,191163.10984958708
TM456,44R,208v,< 200 kVA,992917.649975583,191676.3899910003
TM457,43P,208v,< 200 kVA,990638.3799278438,190262.619852677
TM460,43P,208v,< 200 kVA,990892.5500231683,190384.17997699976
TM461,18P,208v,200 kVA to 499 kVA,994877.2999276668,164574.109878093
